{
  "customers": [
    {
      "firstName": "John",
      "lastName": "Smith",
      "email": "john.smith@email.com",
      "phone": "+1-555-1001",
      "address": "123 Main St",
      "city": "New York",
      "country": "USA",
      "postalCode": "10001",
      "isActive": true,
      "preferredPaymentMethod": "credit_card"
    },
    {
      "firstName": "Jane",
      "lastName": "Doe",
      "email": "jane.doe@email.com",
      "phone": "+1-555-1002",
      "address": "456 Oak Ave",
      "city": "Los Angeles",
      "country": "USA",
      "postalCode": "90001",
      "isActive": true,
      "preferredPaymentMethod": "debit_card"
    },
    {
      "firstName": "Robert",
      "lastName": "Johnson",
      "email": "robert.j@email.com",
      "phone": "+1-555-1003",
      "address": "789 Pine Rd",
      "city": "Chicago",
      "country": "USA",
      "postalCode": "60601",
      "isActive": true,
      "preferredPaymentMethod": "paypal"
    },
    {
      "firstName": "Mary",
      "lastName": "Wilson",
      "email": "mary.wilson@email.com",
      "phone": "+1-555-1004",
      "address": "321 Elm St",
      "city": "Houston",
      "country": "USA",
      "postalCode": "77001",
      "isActive": true,
      "preferredPaymentMethod": "credit_card"
    },
    {
      "firstName": "Michael",
      "lastName": "Brown",
      "email": "michael.b@email.com",
      "phone": "+1-555-1005",
      "address": "654 Maple Dr",
      "city": "Phoenix",
      "country": "USA",
      "postalCode": "85001",
      "isActive": true,
      "preferredPaymentMethod": "credit_card"
    },
    {
      "firstName": "Sarah",
      "lastName": "Davis",
      "email": "sarah.davis@email.com",
      "phone": "+44-555-1006",
      "address": "987 Birch Ln",
      "city": "London",
      "country": "UK",
      "postalCode": "SW1A 1AA",
      "isActive": true,
      "preferredPaymentMethod": "credit_card"
    },
    {
      "firstName": "David",
      "lastName": "Miller",
      "email": "david.m@email.com",
      "phone": "+49-555-1007",
      "address": "147 Spruce Ave",
      "city": "Berlin",
      "country": "Germany",
      "postalCode": "10115",
      "isActive": true,
      "preferredPaymentMethod": "debit_card"
    },
    {
      "firstName": "Emily",
      "lastName": "Harris",
      "email": "emily.h@email.com",
      "phone": "+61-555-1008",
      "address": "258 Oak St",
      "city": "Sydney",
      "country": "Australia",
      "postalCode": "2000",
      "isActive": true,
      "preferredPaymentMethod": "credit_card"
    },
    {
      "firstName": "James",
      "lastName": "Taylor",
      "email": "james.t@email.com",
      "phone": "+81-555-1009",
      "address": "369 Cedar Ln",
      "city": "Tokyo",
      "country": "Japan",
      "postalCode": "100-0001",
      "isActive": true,
      "preferredPaymentMethod": "credit_card"
    },
    {
      "firstName": "Lisa",
      "lastName": "Anderson",
      "email": "lisa.a@email.com",
      "phone": "+1-555-1010",
      "address": "456 Walnut St",
      "city": "San Jose",
      "country": "USA",
      "postalCode": "95101",
      "isActive": true,
      "preferredPaymentMethod": "paypal"
    },
    {
      "firstName": "Chris",
      "lastName": "Lee",
      "email": "chris.lee@email.com",
      "phone": "+1-555-1011",
      "address": "789 Ash Rd",
      "city": "San Francisco",
      "country": "USA",
      "postalCode": "94102",
      "isActive": false,
      "preferredPaymentMethod": "credit_card"
    },
    {
      "firstName": "Patricia",
      "lastName": "Martinez",
      "email": "patricia.m@email.com",
      "phone": "+34-555-1012",
      "address": "123 Plaza Mayor",
      "city": "Madrid",
      "country": "Spain",
      "postalCode": "28012",
      "isActive": true,
      "preferredPaymentMethod": "credit_card"
    }
  ]
}

